,Name,Distance,Mass,Radius,Gravity
0,Sun,0.000015813,1.0,1.0,274.2691614595739
1,Sirius,0008.6,2.1,1.71,196.971799550325
2,Alpha Centauri,0004.4,1.1,1.2,209.51116500384123
3,Altair,0017,1.8,1.8,152.37175636642996
4,Fomalhaut,0025,1.9,1.8,160.8368539423427
5,Tau Ceti,011.9,0.783,0.893,269.29967110479345
6,Delta Pavonis,019.92,0.991,1.22,182.61269753187165
7,Titawin,044.25,1.27,1.48,159.02202111653529
8,54 Piscium,036.1,0.76,0.94,235.9037604224493
